{"cameraMode":{"drawMode":0,"name":"Shaded","section":"Shading Mode"},"sceneLighting":true,"audioPlay":false,"sceneViewState":{"showFog":true,"showMaterialUpdate":false,"showSkybox":true,"showFlares":true,"showImageEffects":true,"showParticleSystems":true,"showVisualEffectGraphs":true,"m_FxEnabled":true},"in2DMode":false,"pivot":{"x":4.408074855804443,"y":2.086172342300415,"z":1.0729584693908692},"rotation":{"x":0.19920837879180909,"y":0.04982130229473114,"z":-0.010671908967196942,"w":0.9788035154342651},"size":3.429887056350708,"orthographic":false}